suite,f_ref,case_id,kind,detail
graphs-0.2,6e2ebf1,app_harbinger,error,"{""error"": {""code"": ""UNKNOWN_METHOD"", ""message"": ""graph""}}"
graphs-0.2,6e2ebf1,app_hyperion,error,"{""error"": {""code"": ""UNKNOWN_METHOD"", ""message"": ""graph""}}"
graphs-0.2,6e2ebf1,app_hyperion_navy,error,"{""error"": {""code"": ""UNKNOWN_METHOD"", ""message"": ""graph""}}"
graphs-0.2,6e2ebf1,app_kronos,error,"{""error"": {""code"": ""UNKNOWN_METHOD"", ""message"": ""graph""}}"
graphs-0.2,6e2ebf1,app_maelstrom,error,"{""error"": {""code"": ""UNKNOWN_METHOD"", ""message"": ""graph""}}"
graphs-0.2,6e2ebf1,app_nightmare,error,"{""error"": {""code"": ""UNKNOWN_METHOD"", ""message"": ""graph""}}"
graphs-0.2,6e2ebf1,app_raven,error,"{""error"": {""code"": ""UNKNOWN_METHOD"", ""message"": ""graph""}}"
graphs-0.2,6e2ebf1,app_rifter,error,"{""error"": {""code"": ""UNKNOWN_METHOD"", ""message"": ""graph""}}"
graphs-0.2,6e2ebf1,app_rifter_volley_t1,error,"{""error"": {""code"": ""UNKNOWN_METHOD"", ""message"": ""graph""}}"
graphs-0.2,6e2ebf1,app_tengu,error,"{""error"": {""code"": ""UNKNOWN_METHOD"", ""message"": ""graph""}}"
graphs-0.2,6e2ebf1,cap_bounds,error,"{""error"": {""code"": ""UNKNOWN_METHOD"", ""message"": ""graph""}}"
graphs-0.2,6e2ebf1,cap_pct_kronos,error,"{""error"": {""code"": ""UNKNOWN_METHOD"", ""message"": ""graph""}}"
graphs-0.2,6e2ebf1,cap_pct_rifter,error,"{""error"": {""code"": ""UNKNOWN_METHOD"", ""message"": ""graph""}}"
graphs-0.2,6e2ebf1,cap_time_bhaalgorn_start50,error,"{""error"": {""code"": ""UNKNOWN_METHOD"", ""message"": ""graph""}}"
graphs-0.2,6e2ebf1,cap_time_bounds,error,"{""error"": {""code"": ""UNKNOWN_METHOD"", ""message"": ""graph""}}"
graphs-0.2,6e2ebf1,cap_time_damnation,error,"{""error"": {""code"": ""UNKNOWN_METHOD"", ""message"": ""graph""}}"
graphs-0.2,6e2ebf1,cap_time_guardian,error,"{""error"": {""code"": ""UNKNOWN_METHOD"", ""message"": ""graph""}}"
graphs-0.2,6e2ebf1,cap_time_hyperion,error,"{""error"": {""code"": ""UNKNOWN_METHOD"", ""message"": ""graph""}}"
graphs-0.2,6e2ebf1,cap_time_hyperion_nosim,error,"{""error"": {""code"": ""UNKNOWN_METHOD"", ""message"": ""graph""}}"
graphs-0.2,6e2ebf1,cap_time_kronos,error,"{""error"": {""code"": ""UNKNOWN_METHOD"", ""message"": ""graph""}}"
graphs-0.2,6e2ebf1,cap_time_reload_hyperion,error,"{""error"": {""code"": ""UNKNOWN_METHOD"", ""message"": ""graph""}}"
graphs-0.2,6e2ebf1,cap_time_rifter,error,"{""error"": {""code"": ""UNKNOWN_METHOD"", ""message"": ""graph""}}"
graphs-0.2,6e2ebf1,cap_time_tengu,error,"{""error"": {""code"": ""UNKNOWN_METHOD"", ""message"": ""graph""}}"
graphs-0.2,6e2ebf1,dmg_dist_cerberus_resists,error,"{""error"": {""code"": ""UNKNOWN_METHOD"", ""message"": ""graph""}}"
graphs-0.2,6e2ebf1,dmg_dist_dominix_sentries,error,"{""error"": {""code"": ""UNKNOWN_METHOD"", ""message"": ""graph""}}"
graphs-0.2,6e2ebf1,dmg_dist_hel_fighters,error,"{""error"": {""code"": ""UNKNOWN_METHOD"", ""message"": ""graph""}}"
graphs-0.2,6e2ebf1,dmg_dist_hyperion_cruiser,error,"{""error"": {""code"": ""UNKNOWN_METHOD"", ""message"": ""graph""}}"
graphs-0.2,6e2ebf1,dmg_dist_hyperion_vs_fit_armor,error,"{""error"": {""code"": ""UNKNOWN_METHOD"", ""message"": ""graph""}}"
graphs-0.2,6e2ebf1,dmg_dist_hyperion_web_vs_fit,error,"{""error"": {""code"": ""UNKNOWN_METHOD"", ""message"": ""graph""}}"
graphs-0.2,6e2ebf1,dmg_dist_ishtar_drones,error,"{""error"": {""code"": ""UNKNOWN_METHOD"", ""message"": ""graph""}}"
graphs-0.2,6e2ebf1,dmg_dist_ishtar_sentries,error,"{""error"": {""code"": ""UNKNOWN_METHOD"", ""message"": ""graph""}}"
graphs-0.2,6e2ebf1,dmg_dist_ishtar_sentries_dcr,error,"{""error"": {""code"": ""UNKNOWN_METHOD"", ""message"": ""graph""}}"
graphs-0.2,6e2ebf1,dmg_dist_kikimora_disintegrator,error,"{""error"": {""code"": ""UNKNOWN_METHOD"", ""message"": ""graph""}}"
graphs-0.2,6e2ebf1,dmg_dist_kronos_ideal,error,"{""error"": {""code"": ""UNKNOWN_METHOD"", ""message"": ""graph""}}"
graphs-0.2,6e2ebf1,dmg_dist_maelstrom_bs,error,"{""error"": {""code"": ""UNKNOWN_METHOD"", ""message"": ""graph""}}"
graphs-0.2,6e2ebf1,dmg_dist_manticore_bomb,error,"{""error"": {""code"": ""UNKNOWN_METHOD"", ""message"": ""graph""}}"
graphs-0.2,6e2ebf1,dmg_dist_naga_bs,error,"{""error"": {""code"": ""UNKNOWN_METHOD"", ""message"": ""graph""}}"
graphs-0.2,6e2ebf1,dmg_dist_nidhoggur_fighters,error,"{""error"": {""code"": ""UNKNOWN_METHOD"", ""message"": ""graph""}}"
graphs-0.2,6e2ebf1,dmg_dist_raven_small,error,"{""error"": {""code"": ""UNKNOWN_METHOD"", ""message"": ""graph""}}"
graphs-0.2,6e2ebf1,dmg_dist_rifter_dmg_at_t,error,"{""error"": {""code"": ""UNKNOWN_METHOD"", ""message"": ""graph""}}"
graphs-0.2,6e2ebf1,dmg_dist_rifter_lockrange,error,"{""error"": {""code"": ""UNKNOWN_METHOD"", ""message"": ""graph""}}"
graphs-0.2,6e2ebf1,dmg_dist_rifter_noproj,error,"{""error"": {""code"": ""UNKNOWN_METHOD"", ""message"": ""graph""}}"
graphs-0.2,6e2ebf1,dmg_dist_rifter_scram_vs_mwd_fit,error,"{""error"": {""code"": ""UNKNOWN_METHOD"", ""message"": ""graph""}}"
graphs-0.2,6e2ebf1,dmg_dist_rifter_small,error,"{""error"": {""code"": ""UNKNOWN_METHOD"", ""message"": ""graph""}}"
graphs-0.2,6e2ebf1,dmg_dist_rifter_vs_fit,error,"{""error"": {""code"": ""UNKNOWN_METHOD"", ""message"": ""graph""}}"
graphs-0.2,6e2ebf1,dmg_dist_skybreaker_vorton,error,"{""error"": {""code"": ""UNKNOWN_METHOD"", ""message"": ""graph""}}"
graphs-0.2,6e2ebf1,dmg_dist_smartbomb,error,"{""error"": {""code"": ""UNKNOWN_METHOD"", ""message"": ""graph""}}"
graphs-0.2,6e2ebf1,dmg_dist_tengu_cruiser,error,"{""error"": {""code"": ""UNKNOWN_METHOD"", ""message"": ""graph""}}"
graphs-0.2,6e2ebf1,dmg_dist_thanatos_templar,error,"{""error"": {""code"": ""UNKNOWN_METHOD"", ""message"": ""graph""}}"
graphs-0.2,6e2ebf1,dmg_dist_thanatos_templar_slow_tgt,error,"{""error"": {""code"": ""UNKNOWN_METHOD"", ""message"": ""graph""}}"
graphs-0.2,6e2ebf1,dmg_dist_vargur_moving_atk,error,"{""error"": {""code"": ""UNKNOWN_METHOD"", ""message"": ""graph""}}"
graphs-0.2,6e2ebf1,dmg_dist_vexor_drones_atk_follow,error,"{""error"": {""code"": ""UNKNOWN_METHOD"", ""message"": ""graph""}}"
graphs-0.2,6e2ebf1,dmg_dist_vexor_drones_follow,error,"{""error"": {""code"": ""UNKNOWN_METHOD"", ""message"": ""graph""}}"
graphs-0.2,6e2ebf1,dmg_sig_bounds,error,"{""error"": {""code"": ""UNKNOWN_METHOD"", ""message"": ""graph""}}"
graphs-0.2,6e2ebf1,dmg_sig_cerberus_time,error,"{""error"": {""code"": ""UNKNOWN_METHOD"", ""message"": ""graph""}}"
graphs-0.2,6e2ebf1,dmg_sig_dominix_drones,error,"{""error"": {""code"": ""UNKNOWN_METHOD"", ""message"": ""graph""}}"
graphs-0.2,6e2ebf1,dmg_sig_hyperion,error,"{""error"": {""code"": ""UNKNOWN_METHOD"", ""message"": ""graph""}}"
graphs-0.2,6e2ebf1,dmg_sig_raven,error,"{""error"": {""code"": ""UNKNOWN_METHOD"", ""message"": ""graph""}}"
graphs-0.2,6e2ebf1,dmg_sigpct_cerberus_time,error,"{""error"": {""code"": ""UNKNOWN_METHOD"", ""message"": ""graph""}}"
graphs-0.2,6e2ebf1,dmg_sigpct_hyperion_vs_fit,error,"{""error"": {""code"": ""UNKNOWN_METHOD"", ""message"": ""graph""}}"
graphs-0.2,6e2ebf1,dmg_sigpct_ideal_null,error,"{""error"": {""code"": ""UNKNOWN_METHOD"", ""message"": ""graph""}}"
graphs-0.2,6e2ebf1,dmg_sigpct_raven,error,"{""error"": {""code"": ""UNKNOWN_METHOD"", ""message"": ""graph""}}"
graphs-0.2,6e2ebf1,dmg_speed_maelstrom_angle,error,"{""error"": {""code"": ""UNKNOWN_METHOD"", ""message"": ""graph""}}"
graphs-0.2,6e2ebf1,dmg_speed_rifter,error,"{""error"": {""code"": ""UNKNOWN_METHOD"", ""message"": ""graph""}}"
graphs-0.2,6e2ebf1,dmg_speed_tengu,error,"{""error"": {""code"": ""UNKNOWN_METHOD"", ""message"": ""graph""}}"
graphs-0.2,6e2ebf1,dmg_speed_vexor_drones,error,"{""error"": {""code"": ""UNKNOWN_METHOD"", ""message"": ""graph""}}"
graphs-0.2,6e2ebf1,dmg_speedpct_hyperion_web_vs_fit,error,"{""error"": {""code"": ""UNKNOWN_METHOD"", ""message"": ""graph""}}"
graphs-0.2,6e2ebf1,dmg_speedpct_ideal,error,"{""error"": {""code"": ""UNKNOWN_METHOD"", ""message"": ""graph""}}"
graphs-0.2,6e2ebf1,dmg_speedpct_rifter,error,"{""error"": {""code"": ""UNKNOWN_METHOD"", ""message"": ""graph""}}"
graphs-0.2,6e2ebf1,dmg_speedpct_tengu,error,"{""error"": {""code"": ""UNKNOWN_METHOD"", ""message"": ""graph""}}"
graphs-0.2,6e2ebf1,dmg_time_avatar_lance,error,"{""error"": {""code"": ""UNKNOWN_METHOD"", ""message"": ""graph""}}"
graphs-0.2,6e2ebf1,dmg_time_bounds,error,"{""error"": {""code"": ""UNKNOWN_METHOD"", ""message"": ""graph""}}"
graphs-0.2,6e2ebf1,dmg_time_hyperion_reload,error,"{""error"": {""code"": ""UNKNOWN_METHOD"", ""message"": ""graph""}}"
graphs-0.2,6e2ebf1,dmg_time_ishtar_drones,error,"{""error"": {""code"": ""UNKNOWN_METHOD"", ""message"": ""graph""}}"
graphs-0.2,6e2ebf1,dmg_time_kestrel_breacher,error,"{""error"": {""code"": ""UNKNOWN_METHOD"", ""message"": ""graph""}}"
graphs-0.2,6e2ebf1,dmg_time_kikimora_spool,error,"{""error"": {""code"": ""UNKNOWN_METHOD"", ""message"": ""graph""}}"
graphs-0.2,6e2ebf1,dmg_time_nidhoggur,error,"{""error"": {""code"": ""UNKNOWN_METHOD"", ""message"": ""graph""}}"
graphs-0.2,6e2ebf1,dmg_time_out_of_range,error,"{""error"": {""code"": ""UNKNOWN_METHOD"", ""message"": ""graph""}}"
graphs-0.2,6e2ebf1,dmg_time_param_clamped,error,"{""error"": {""code"": ""UNKNOWN_METHOD"", ""message"": ""graph""}}"
graphs-0.2,6e2ebf1,dmg_time_rifter,error,"{""error"": {""code"": ""UNKNOWN_METHOD"", ""message"": ""graph""}}"
graphs-0.2,6e2ebf1,dmg_time_tengu,error,"{""error"": {""code"": ""UNKNOWN_METHOD"", ""message"": ""graph""}}"
graphs-0.2,6e2ebf1,dmg_time_thanatos_templar,error,"{""error"": {""code"": ""UNKNOWN_METHOD"", ""message"": ""graph""}}"
graphs-0.2,6e2ebf1,ecm_dps_hyperion_damage_pattern,error,"{""error"": {""code"": ""UNKNOWN_METHOD"", ""message"": ""graph""}}"
graphs-0.2,6e2ebf1,ecm_dps_hyperion_scanres_bad,error,"{""error"": {""code"": ""UNKNOWN_METHOD"", ""message"": ""graph""}}"
graphs-0.2,6e2ebf1,ecm_dps_rifter_limit1,error,"{""error"": {""code"": ""UNKNOWN_METHOD"", ""message"": ""graph""}}"
graphs-0.2,6e2ebf1,ecm_dps_vexor_drones,error,"{""error"": {""code"": ""UNKNOWN_METHOD"", ""message"": ""graph""}}"
graphs-0.2,6e2ebf1,ecm_dps_vexor_nodrones,error,"{""error"": {""code"": ""UNKNOWN_METHOD"", ""message"": ""graph""}}"
graphs-0.2,6e2ebf1,ecm_scanres_griffin_damps,error,"{""error"": {""code"": ""UNKNOWN_METHOD"", ""message"": ""graph""}}"
graphs-0.2,6e2ebf1,ecm_scanres_griffin_nodamps,error,"{""error"": {""code"": ""UNKNOWN_METHOD"", ""message"": ""graph""}}"
graphs-0.2,6e2ebf1,ecm_scanres_maulus_drones,error,"{""error"": {""code"": ""UNKNOWN_METHOD"", ""message"": ""graph""}}"
graphs-0.2,6e2ebf1,ecm_scanres_rifter,error,"{""error"": {""code"": ""UNKNOWN_METHOD"", ""message"": ""graph""}}"
graphs-0.2,6e2ebf1,ecm_scanres_vexor_params,error,"{""error"": {""code"": ""UNKNOWN_METHOD"", ""message"": ""graph""}}"
graphs-0.2,6e2ebf1,empty_x_capacitor,error,"{""error"": {""code"": ""UNKNOWN_METHOD"", ""message"": ""graph""}}"
graphs-0.2,6e2ebf1,empty_x_damage,error,"{""error"": {""code"": ""UNKNOWN_METHOD"", ""message"": ""graph""}}"
graphs-0.2,6e2ebf1,empty_x_ecm_burst,error,"{""error"": {""code"": ""UNKNOWN_METHOD"", ""message"": ""graph""}}"
graphs-0.2,6e2ebf1,empty_x_ewar_vs_fit,error,"{""error"": {""code"": ""UNKNOWN_METHOD"", ""message"": ""graph""}}"
graphs-0.2,6e2ebf1,err_bad_ammo_quality,error,"{""error"": {""code"": ""UNKNOWN_METHOD"", ""message"": ""graph""}}"
graphs-0.2,6e2ebf1,err_bad_drone_mode,error,"{""error"": {""code"": ""UNKNOWN_METHOD"", ""message"": ""graph""}}"
graphs-0.2,6e2ebf1,err_bad_resist_mode,error,"{""error"": {""code"": ""UNKNOWN_METHOD"", ""message"": ""graph""}}"
graphs-0.2,6e2ebf1,err_bad_x_axis,error,"{""error"": {""code"": ""UNKNOWN_METHOD"", ""message"": ""graph""}}"
graphs-0.2,6e2ebf1,err_bad_y,error,"{""error"": {""code"": ""UNKNOWN_METHOD"", ""message"": ""graph""}}"
graphs-0.2,6e2ebf1,err_ecm_bad_axis,error,"{""error"": {""code"": ""UNKNOWN_METHOD"", ""message"": ""graph""}}"
graphs-0.2,6e2ebf1,err_ecm_tgt_dps_lock_time,error,"{""error"": {""code"": ""UNKNOWN_METHOD"", ""message"": ""graph""}}"
graphs-0.2,6e2ebf1,err_empty_y,error,"{""error"": {""code"": ""UNKNOWN_METHOD"", ""message"": ""graph""}}"
graphs-0.2,6e2ebf1,err_missing_fit,error,"{""error"": {""code"": ""UNKNOWN_METHOD"", ""message"": ""graph""}}"
graphs-0.2,6e2ebf1,err_missing_graph,error,"{""error"": {""code"": ""UNKNOWN_METHOD"", ""message"": ""graph""}}"
graphs-0.2,6e2ebf1,err_missing_x,error,"{""error"": {""code"": ""UNKNOWN_METHOD"", ""message"": ""graph""}}"
graphs-0.2,6e2ebf1,err_missing_x_values,error,"{""error"": {""code"": ""UNKNOWN_METHOD"", ""message"": ""graph""}}"
graphs-0.2,6e2ebf1,err_missing_y,error,"{""error"": {""code"": ""UNKNOWN_METHOD"", ""message"": ""graph""}}"
graphs-0.2,6e2ebf1,err_null_in_x,error,"{""error"": {""code"": ""UNKNOWN_METHOD"", ""message"": ""graph""}}"
graphs-0.2,6e2ebf1,err_string_in_x,error,"{""error"": {""code"": ""UNKNOWN_METHOD"", ""message"": ""graph""}}"
graphs-0.2,6e2ebf1,err_unknown_graph,error,"{""error"": {""code"": ""UNKNOWN_METHOD"", ""message"": ""graph""}}"
graphs-0.2,6e2ebf1,err_unknown_ship,error,"{""error"": {""code"": ""UNKNOWN_METHOD"", ""message"": ""graph""}}"
graphs-0.2,6e2ebf1,err_unknown_type_in_ewar_target_fit,error,"{""error"": {""code"": ""UNKNOWN_METHOD"", ""message"": ""graph""}}"
graphs-0.2,6e2ebf1,err_unknown_type_in_target_fit,error,"{""error"": {""code"": ""UNKNOWN_METHOD"", ""message"": ""graph""}}"
graphs-0.2,6e2ebf1,err_x_axis_other_graph,error,"{""error"": {""code"": ""UNKNOWN_METHOD"", ""message"": ""graph""}}"
graphs-0.2,6e2ebf1,ewar_arbitrator_td_gd,error,"{""error"": {""code"": ""UNKNOWN_METHOD"", ""message"": ""graph""}}"
graphs-0.2,6e2ebf1,ewar_arbitrator_td_neut_vs_avatar,error,"{""error"": {""code"": ""UNKNOWN_METHOD"", ""message"": ""graph""}}"
graphs-0.2,6e2ebf1,ewar_bhaalgorn_neut,error,"{""error"": {""code"": ""UNKNOWN_METHOD"", ""message"": ""graph""}}"
graphs-0.2,6e2ebf1,ewar_bhaalgorn_neut_resist,error,"{""error"": {""code"": ""UNKNOWN_METHOD"", ""message"": ""graph""}}"
graphs-0.2,6e2ebf1,ewar_bhaalgorn_neut_vs_avatar,error,"{""error"": {""code"": ""UNKNOWN_METHOD"", ""message"": ""graph""}}"
graphs-0.2,6e2ebf1,ewar_curse,error,"{""error"": {""code"": ""UNKNOWN_METHOD"", ""message"": ""graph""}}"
graphs-0.2,6e2ebf1,ewar_curse_vs_astrahus,error,"{""error"": {""code"": ""UNKNOWN_METHOD"", ""message"": ""graph""}}"
graphs-0.2,6e2ebf1,ewar_griffin_ecm,error,"{""error"": {""code"": ""UNKNOWN_METHOD"", ""message"": ""graph""}}"
graphs-0.2,6e2ebf1,ewar_griffin_ecm_vs_astrahus,error,"{""error"": {""code"": ""UNKNOWN_METHOD"", ""message"": ""graph""}}"
graphs-0.2,6e2ebf1,ewar_huginn_explicit_resist_wins,error,"{""error"": {""code"": ""UNKNOWN_METHOD"", ""message"": ""graph""}}"
graphs-0.2,6e2ebf1,ewar_huginn_web_tp,error,"{""error"": {""code"": ""UNKNOWN_METHOD"", ""message"": ""graph""}}"
graphs-0.2,6e2ebf1,ewar_huginn_web_tp_vs_avatar,error,"{""error"": {""code"": ""UNKNOWN_METHOD"", ""message"": ""graph""}}"
graphs-0.2,6e2ebf1,ewar_maulus_damp,error,"{""error"": {""code"": ""UNKNOWN_METHOD"", ""message"": ""graph""}}"
graphs-0.2,6e2ebf1,ewar_maulus_damp_vs_hel,error,"{""error"": {""code"": ""UNKNOWN_METHOD"", ""message"": ""graph""}}"
graphs-0.2,6e2ebf1,ewar_resist_clamp_high,error,"{""error"": {""code"": ""UNKNOWN_METHOD"", ""message"": ""graph""}}"
graphs-0.2,6e2ebf1,ewar_resist_clamp_low,error,"{""error"": {""code"": ""UNKNOWN_METHOD"", ""message"": ""graph""}}"
graphs-0.2,6e2ebf1,ewar_vexor_drones_vs_hel,error,"{""error"": {""code"": ""UNKNOWN_METHOD"", ""message"": ""graph""}}"
graphs-0.2,6e2ebf1,ewar_vexor_ecm_drones,error,"{""error"": {""code"": ""UNKNOWN_METHOD"", ""message"": ""graph""}}"
graphs-0.2,6e2ebf1,ewar_vigil_tp,error,"{""error"": {""code"": ""UNKNOWN_METHOD"", ""message"": ""graph""}}"
graphs-0.2,6e2ebf1,ewar_vigil_tp_resist,error,"{""error"": {""code"": ""UNKNOWN_METHOD"", ""message"": ""graph""}}"
graphs-0.2,6e2ebf1,ewar_vigil_tp_vs_rifter,error,"{""error"": {""code"": ""UNKNOWN_METHOD"", ""message"": ""graph""}}"
graphs-0.2,6e2ebf1,lock_avatar_lance,error,"{""error"": {""code"": ""UNKNOWN_METHOD"", ""message"": ""graph""}}"
graphs-0.2,6e2ebf1,lock_crucifier,error,"{""error"": {""code"": ""UNKNOWN_METHOD"", ""message"": ""graph""}}"
graphs-0.2,6e2ebf1,lock_hyperion,error,"{""error"": {""code"": ""UNKNOWN_METHOD"", ""message"": ""graph""}}"
graphs-0.2,6e2ebf1,lock_rattlesnake,error,"{""error"": {""code"": ""UNKNOWN_METHOD"", ""message"": ""graph""}}"
graphs-0.2,6e2ebf1,lock_rifter,error,"{""error"": {""code"": ""UNKNOWN_METHOD"", ""message"": ""graph""}}"
graphs-0.2,6e2ebf1,lock_sabre,error,"{""error"": {""code"": ""UNKNOWN_METHOD"", ""message"": ""graph""}}"
graphs-0.2,6e2ebf1,lock_sig_bounds,error,"{""error"": {""code"": ""UNKNOWN_METHOD"", ""message"": ""graph""}}"
graphs-0.2,6e2ebf1,mob_avatar_doomsday_active,error,"{""error"": {""code"": ""UNKNOWN_METHOD"", ""message"": ""graph""}}"
graphs-0.2,6e2ebf1,mob_broadsword_bubble,error,"{""error"": {""code"": ""UNKNOWN_METHOD"", ""message"": ""graph""}}"
graphs-0.2,6e2ebf1,mob_bump_machariel,error,"{""error"": {""code"": ""UNKNOWN_METHOD"", ""message"": ""graph""}}"
graphs-0.2,6e2ebf1,mob_bump_rifter_default,error,"{""error"": {""code"": ""UNKNOWN_METHOD"", ""message"": ""graph""}}"
graphs-0.2,6e2ebf1,mob_hyperion,error,"{""error"": {""code"": ""UNKNOWN_METHOD"", ""message"": ""graph""}}"
graphs-0.2,6e2ebf1,mob_rifter,error,"{""error"": {""code"": ""UNKNOWN_METHOD"", ""message"": ""graph""}}"
graphs-0.2,6e2ebf1,mob_stiletto,error,"{""error"": {""code"": ""UNKNOWN_METHOD"", ""message"": ""graph""}}"
graphs-0.2,6e2ebf1,mob_time_zero_bounds,error,"{""error"": {""code"": ""UNKNOWN_METHOD"", ""message"": ""graph""}}"
graphs-0.2,6e2ebf1,mob_vargur,error,"{""error"": {""code"": ""UNKNOWN_METHOD"", ""message"": ""graph""}}"
graphs-0.2,6e2ebf1,mob_venture,error,"{""error"": {""code"": ""UNKNOWN_METHOD"", ""message"": ""graph""}}"
graphs-0.2,6e2ebf1,rr_guardian_dist,error,"{""error"": {""code"": ""UNKNOWN_METHOD"", ""message"": ""graph""}}"
graphs-0.2,6e2ebf1,rr_guardian_vs_vargur_bastion,error,"{""error"": {""code"": ""UNKNOWN_METHOD"", ""message"": ""graph""}}"
graphs-0.2,6e2ebf1,rr_oneiros_dist,error,"{""error"": {""code"": ""UNKNOWN_METHOD"", ""message"": ""graph""}}"
graphs-0.2,6e2ebf1,rr_oneiros_time,error,"{""error"": {""code"": ""UNKNOWN_METHOD"", ""message"": ""graph""}}"
graphs-0.2,6e2ebf1,rr_oneiros_time_noreload,error,"{""error"": {""code"": ""UNKNOWN_METHOD"", ""message"": ""graph""}}"
graphs-0.2,6e2ebf1,rr_oneiros_time_vs_kronos,error,"{""error"": {""code"": ""UNKNOWN_METHOD"", ""message"": ""graph""}}"
graphs-0.2,6e2ebf1,rr_oneiros_vs_astrahus,error,"{""error"": {""code"": ""UNKNOWN_METHOD"", ""message"": ""graph""}}"
graphs-0.2,6e2ebf1,rr_scimitar_dist,error,"{""error"": {""code"": ""UNKNOWN_METHOD"", ""message"": ""graph""}}"
graphs-0.2,6e2ebf1,rr_scimitar_time,error,"{""error"": {""code"": ""UNKNOWN_METHOD"", ""message"": ""graph""}}"
graphs-0.2,6e2ebf1,rr_scimitar_vs_rifter,error,"{""error"": {""code"": ""UNKNOWN_METHOD"", ""message"": ""graph""}}"
graphs-0.2,6e2ebf1,rr_time_bounds,error,"{""error"": {""code"": ""UNKNOWN_METHOD"", ""message"": ""graph""}}"
graphs-0.2,6e2ebf1,shield_pct_bounds,error,"{""error"": {""code"": ""UNKNOWN_METHOD"", ""message"": ""graph""}}"
graphs-0.2,6e2ebf1,shield_pct_drake,error,"{""error"": {""code"": ""UNKNOWN_METHOD"", ""message"": ""graph""}}"
graphs-0.2,6e2ebf1,shield_pct_vargur_eff,error,"{""error"": {""code"": ""UNKNOWN_METHOD"", ""message"": ""graph""}}"
graphs-0.2,6e2ebf1,shield_time_rattlesnake_eff,error,"{""error"": {""code"": ""UNKNOWN_METHOD"", ""message"": ""graph""}}"
graphs-0.2,6e2ebf1,shield_time_tengu,error,"{""error"": {""code"": ""UNKNOWN_METHOD"", ""message"": ""graph""}}"
graphs-0.2,6e2ebf1,warp_avatar_lance,error,"{""error"": {""code"": ""UNKNOWN_METHOD"", ""message"": ""graph""}}"
graphs-0.2,6e2ebf1,warp_hyperion,error,"{""error"": {""code"": ""UNKNOWN_METHOD"", ""message"": ""graph""}}"
graphs-0.2,6e2ebf1,warp_max_bounds,error,"{""error"": {""code"": ""UNKNOWN_METHOD"", ""message"": ""graph""}}"
graphs-0.2,6e2ebf1,warp_orca,error,"{""error"": {""code"": ""UNKNOWN_METHOD"", ""message"": ""graph""}}"
graphs-0.2,6e2ebf1,warp_rifter,error,"{""error"": {""code"": ""UNKNOWN_METHOD"", ""message"": ""graph""}}"
graphs-0.2,6e2ebf1,warp_stiletto,error,"{""error"": {""code"": ""UNKNOWN_METHOD"", ""message"": ""graph""}}"
graphs-0.2,6e2ebf1,warp_vargur,error,"{""error"": {""code"": ""UNKNOWN_METHOD"", ""message"": ""graph""}}"
graphs-0.2,6e2ebf1,warp_venture,error,"{""error"": {""code"": ""UNKNOWN_METHOD"", ""message"": ""graph""}}"
